{
  "Signout" : {
    "transaction" : "Signout",
    "sampleCount" : 500,
    "errorCount" : 0,
    "errorPct" : 0.0,
    "meanResTime" : 42.28199999999999,
    "medianResTime" : 42.0,
    "minResTime" : 36.0,
    "maxResTime" : 65.0,
    "pct1ResTime" : 45.0,
    "pct2ResTime" : 46.0,
    "pct3ResTime" : 54.99000000000001,
    "throughput" : 1.1903146477739925,
    "receivedKBytesPerSec" : 0.23480816293979148,
    "sentKBytesPerSec" : 0.6288674066852832
  },
  "Share Skill Add" : {
    "transaction" : "Share Skill Add",
    "sampleCount" : 500,
    "errorCount" : 0,
    "errorPct" : 0.0,
    "meanResTime" : 81.96999999999989,
    "medianResTime" : 81.0,
    "minResTime" : 74.0,
    "maxResTime" : 103.0,
    "pct1ResTime" : 88.0,
    "pct2ResTime" : 90.0,
    "pct3ResTime" : 96.99000000000001,
    "throughput" : 1.190311814082817,
    "receivedKBytesPerSec" : 0.26038070933061624,
    "sentKBytesPerSec" : 1.949368078336801
  },
  "Update Skills" : {
    "transaction" : "Update Skills",
    "sampleCount" : 500,
    "errorCount" : 0,
    "errorPct" : 0.0,
    "meanResTime" : 167.1219999999999,
    "medianResTime" : 167.0,
    "minResTime" : 147.0,
    "maxResTime" : 214.0,
    "pct1ResTime" : 177.0,
    "pct2ResTime" : 181.0,
    "pct3ResTime" : 189.99,
    "throughput" : 1.1900766647387426,
    "receivedKBytesPerSec" : 0.24057213828214813,
    "sentKBytesPerSec" : 0.7693543469632813
  },
  "Add Educatiom" : {
    "transaction" : "Add Educatiom",
    "sampleCount" : 500,
    "errorCount" : 0,
    "errorPct" : 0.0,
    "meanResTime" : 141.86000000000013,
    "medianResTime" : 148.0,
    "minResTime" : 111.0,
    "maxResTime" : 194.0,
    "pct1ResTime" : 165.0,
    "pct2ResTime" : 168.0,
    "pct3ResTime" : 176.97000000000003,
    "throughput" : 1.1901673137209627,
    "receivedKBytesPerSec" : 0.24140870286044813,
    "sentKBytesPerSec" : 0.8213525946540065
  },
  "Delete Education" : {
    "transaction" : "Delete Education",
    "sampleCount" : 500,
    "errorCount" : 0,
    "errorPct" : 0.0,
    "meanResTime" : 41.73999999999998,
    "medianResTime" : 43.0,
    "minResTime" : 1.0,
    "maxResTime" : 78.0,
    "pct1ResTime" : 46.0,
    "pct2ResTime" : 48.94999999999999,
    "pct3ResTime" : 60.98000000000002,
    "throughput" : 1.1904251722545225,
    "receivedKBytesPerSec" : 0.25352336090358035,
    "sentKBytesPerSec" : 0.6943712828973997
  },
  "Categories" : {
    "transaction" : "Categories",
    "sampleCount" : 500,
    "errorCount" : 0,
    "errorPct" : 0.0,
    "meanResTime" : 848.1079999999998,
    "medianResTime" : 843.0,
    "minResTime" : 817.0,
    "maxResTime" : 922.0,
    "pct1ResTime" : 877.9000000000001,
    "pct2ResTime" : 886.0,
    "pct3ResTime" : 899.0,
    "throughput" : 1.188057644556914,
    "receivedKBytesPerSec" : 6.279070285490252,
    "sentKBytesPerSec" : 0.8620379198298701
  },
  "Add Description" : {
    "transaction" : "Add Description",
    "sampleCount" : 500,
    "errorCount" : 0,
    "errorPct" : 0.0,
    "meanResTime" : 126.97400000000003,
    "medianResTime" : 127.0,
    "minResTime" : 110.0,
    "maxResTime" : 166.0,
    "pct1ResTime" : 135.0,
    "pct2ResTime" : 138.0,
    "pct3ResTime" : 147.98000000000002,
    "throughput" : 1.190164480731237,
    "receivedKBytesPerSec" : 0.2556994001571017,
    "sentKBytesPerSec" : 0.7159583204398847
  },
  "Delete Skills" : {
    "transaction" : "Delete Skills",
    "sampleCount" : 500,
    "errorCount" : 0,
    "errorPct" : 0.0,
    "meanResTime" : 43.286000000000016,
    "medianResTime" : 44.0,
    "minResTime" : 38.0,
    "maxResTime" : 67.0,
    "pct1ResTime" : 46.0,
    "pct2ResTime" : 47.0,
    "pct3ResTime" : 53.950000000000045,
    "throughput" : 1.1904705215689448,
    "receivedKBytesPerSec" : 0.22243895192760987,
    "sentKBytesPerSec" : 0.7719341031411755
  },
  "Delete Language Request" : {
    "transaction" : "Delete Language Request",
    "sampleCount" : 500,
    "errorCount" : 0,
    "errorPct" : 0.0,
    "meanResTime" : 43.018,
    "medianResTime" : 43.0,
    "minResTime" : 37.0,
    "maxResTime" : 80.0,
    "pct1ResTime" : 45.0,
    "pct2ResTime" : 46.0,
    "pct3ResTime" : 50.0,
    "throughput" : 1.1904705215689448,
    "receivedKBytesPerSec" : 0.2328881209196623,
    "sentKBytesPerSec" : 0.6940536146256446
  },
  "Delete Manage Listing" : {
    "transaction" : "Delete Manage Listing",
    "sampleCount" : 500,
    "errorCount" : 0,
    "errorPct" : 0.0,
    "meanResTime" : 163.27999999999997,
    "medianResTime" : 162.0,
    "minResTime" : 149.0,
    "maxResTime" : 199.0,
    "pct1ResTime" : 174.0,
    "pct2ResTime" : 177.0,
    "pct3ResTime" : 184.99,
    "throughput" : 1.1900030226076774,
    "receivedKBytesPerSec" : 0.2196392297586436,
    "sentKBytesPerSec" : 0.6972673960591861
  },
  "Update Certifications" : {
    "transaction" : "Update Certifications",
    "sampleCount" : 500,
    "errorCount" : 92,
    "errorPct" : 18.4,
    "meanResTime" : 191.48999999999972,
    "medianResTime" : 204.0,
    "minResTime" : 113.0,
    "maxResTime" : 260.0,
    "pct1ResTime" : 215.0,
    "pct2ResTime" : 217.95,
    "pct3ResTime" : 225.99,
    "throughput" : 1.1899407171534713,
    "receivedKBytesPerSec" : 0.18967469103189277,
    "sentKBytesPerSec" : 0.8202851685491528
  },
  "Update Education" : {
    "transaction" : "Update Education",
    "sampleCount" : 500,
    "errorCount" : 0,
    "errorPct" : 0.0,
    "meanResTime" : 171.3820000000001,
    "medianResTime" : 168.0,
    "minResTime" : 1.0,
    "maxResTime" : 290.0,
    "pct1ResTime" : 207.0,
    "pct2ResTime" : 214.0,
    "pct3ResTime" : 272.94000000000005,
    "throughput" : 1.189986029564013,
    "receivedKBytesPerSec" : 0.2583943102007982,
    "sentKBytesPerSec" : 0.868810659537857
  },
  "Add Language" : {
    "transaction" : "Add Language",
    "sampleCount" : 500,
    "errorCount" : 0,
    "errorPct" : 0.0,
    "meanResTime" : 46.59800000000003,
    "medianResTime" : 46.0,
    "minResTime" : 41.0,
    "maxResTime" : 65.0,
    "pct1ResTime" : 50.0,
    "pct2ResTime" : 51.0,
    "pct3ResTime" : 61.0,
    "throughput" : 1.1903968306874781,
    "receivedKBytesPerSec" : 0.2406368593284257,
    "sentKBytesPerSec" : 0.701785431566467
  },
  "Add Certifications" : {
    "transaction" : "Add Certifications",
    "sampleCount" : 500,
    "errorCount" : 0,
    "errorPct" : 0.0,
    "meanResTime" : 84.32200000000002,
    "medianResTime" : 84.0,
    "minResTime" : 78.0,
    "maxResTime" : 115.0,
    "pct1ResTime" : 88.0,
    "pct2ResTime" : 89.0,
    "pct3ResTime" : 95.99000000000001,
    "throughput" : 1.1903004794530332,
    "receivedKBytesPerSec" : 0.2406173820769315,
    "sentKBytesPerSec" : 0.773579071363275
  },
  "View Manage listing" : {
    "transaction" : "View Manage listing",
    "sampleCount" : 500,
    "errorCount" : 0,
    "errorPct" : 0.0,
    "meanResTime" : 125.17599999999993,
    "medianResTime" : 125.0,
    "minResTime" : 109.0,
    "maxResTime" : 158.0,
    "pct1ResTime" : 133.0,
    "pct2ResTime" : 135.0,
    "pct3ResTime" : 144.0,
    "throughput" : 1.1901814788718983,
    "receivedKBytesPerSec" : 0.4951340917963171,
    "sentKBytesPerSec" : 0.726429125288024
  },
  "Add Skills" : {
    "transaction" : "Add Skills",
    "sampleCount" : 500,
    "errorCount" : 0,
    "errorPct" : 0.0,
    "meanResTime" : 45.186,
    "medianResTime" : 45.0,
    "minResTime" : 39.0,
    "maxResTime" : 80.0,
    "pct1ResTime" : 48.0,
    "pct2ResTime" : 50.0,
    "pct3ResTime" : 62.97000000000003,
    "throughput" : 1.1904733560158192,
    "receivedKBytesPerSec" : 0.24065232880397905,
    "sentKBytesPerSec" : 0.739404861536044
  },
  "Delete Certifications" : {
    "transaction" : "Delete Certifications",
    "sampleCount" : 500,
    "errorCount" : 0,
    "errorPct" : 0.0,
    "meanResTime" : 43.40600000000001,
    "medianResTime" : 43.0,
    "minResTime" : 37.0,
    "maxResTime" : 98.0,
    "pct1ResTime" : 46.0,
    "pct2ResTime" : 47.0,
    "pct3ResTime" : 59.0,
    "throughput" : 1.1903996647834545,