{
  "Signout" : {
    "transaction" : "Signout",
    "sampleCount" : 300,
    "errorCount" : 0,
    "errorPct" : 0.0,
    "meanResTime" : 40.10333333333334,
    "medianResTime" : 40.0,
    "minResTime" : 33.0,
    "maxResTime" : 146.0,
    "pct1ResTime" : 43.0,
    "pct2ResTime" : 44.0,
    "pct3ResTime" : 50.97000000000003,
    "throughput" : 1.2061077295424028,
    "receivedKBytesPerSec" : 0.23792359508551303,
    "sentKBytesPerSec" : 0.6372112125805076
  },
  "Share Skill Add" : {
    "transaction" : "Share Skill Add",
    "sampleCount" : 300,
    "errorCount" : 0,
    "errorPct" : 0.0,
    "meanResTime" : 85.35999999999994,
    "medianResTime" : 80.0,
    "minResTime" : 73.0,
    "maxResTime" : 374.0,
    "pct1ResTime" : 86.90000000000003,
    "pct2ResTime" : 92.0,
    "pct3ResTime" : 341.98,
    "throughput" : 1.2045677207972632,
    "receivedKBytesPerSec" : 0.26349918892440133,
    "sentKBytesPerSec" : 1.9727149099384869
  },
  "Update Skills" : {
    "transaction" : "Update Skills",
    "sampleCount" : 300,
    "errorCount" : 0,
    "errorPct" : 0.0,
    "meanResTime" : 162.17999999999998,
    "medianResTime" : 160.0,
    "minResTime" : 137.0,
    "maxResTime" : 343.0,
    "pct1ResTime" : 174.0,
    "pct2ResTime" : 179.0,
    "pct3ResTime" : 245.96000000000004,
    "throughput" : 1.2041084179219497,
    "receivedKBytesPerSec" : 0.24340863526351914,
    "sentKBytesPerSec" : 0.7783275285273353
  },
  "Add Educatiom" : {
    "transaction" : "Add Educatiom",
    "sampleCount" : 300,
    "errorCount" : 0,
    "errorPct" : 0.0,
    "meanResTime" : 113.26666666666667,
    "medianResTime" : 114.5,
    "minResTime" : 71.0,
    "maxResTime" : 396.0,
    "pct1ResTime" : 148.90000000000003,
    "pct2ResTime" : 157.95,
    "pct3ResTime" : 329.38000000000056,
    "throughput" : 1.2041857496658386,
    "receivedKBytesPerSec" : 0.24367513978589578,
    "sentKBytesPerSec" : 0.8310841610437882
  },
  "Delete Education" : {
    "transaction" : "Delete Education",
    "sampleCount" : 300,
    "errorCount" : 0,
    "errorPct" : 0.0,
    "meanResTime" : 41.243333333333325,
    "medianResTime" : 41.0,
    "minResTime" : 2.0,
    "maxResTime" : 146.0,
    "pct1ResTime" : 45.0,
    "pct2ResTime" : 46.0,
    "pct3ResTime" : 63.8900000000001,
    "throughput" : 1.204722512248012,
    "receivedKBytesPerSec" : 0.2564898150750944,
    "sentKBytesPerSec" : 0.7032881395068669
  },
  "Categories" : {
    "transaction" : "Categories",
    "sampleCount" : 300,
    "errorCount" : 0,
    "errorPct" : 0.0,
    "meanResTime" : 846.0599999999995,
    "medianResTime" : 839.0,
    "minResTime" : 817.0,
    "maxResTime" : 1227.0,
    "pct1ResTime" : 861.0,
    "pct2ResTime" : 876.8,
    "pct3ResTime" : 1095.6500000000003,
    "throughput" : 1.2020531067062543,
    "receivedKBytesPerSec" : 6.353038489740476,
    "sentKBytesPerSec" : 0.872192830354245
  },
  "Add Description" : {
    "transaction" : "Add Description",
    "sampleCount" : 300,
    "errorCount" : 0,
    "errorPct" : 0.0,
    "meanResTime" : 124.1333333333334,
    "medianResTime" : 121.0,
    "minResTime" : 100.0,
    "maxResTime" : 695.0,
    "pct1ResTime" : 131.90000000000003,
    "pct2ResTime" : 134.95,
    "pct3ResTime" : 202.98000000000002,
    "throughput" : 1.20437428741188,
    "receivedKBytesPerSec" : 0.25875228831114605,
    "sentKBytesPerSec" : 0.724506407271209
  },
  "Delete Skills" : {
    "transaction" : "Delete Skills",
    "sampleCount" : 300,
    "errorCount" : 0,
    "errorPct" : 0.0,
    "meanResTime" : 42.46666666666667,
    "medianResTime" : 41.0,
    "minResTime" : 34.0,
    "maxResTime" : 136.0,
    "pct1ResTime" : 45.0,
    "pct2ResTime" : 46.0,
    "pct3ResTime" : 123.54000000000042,
    "throughput" : 1.2047321880345998,
    "receivedKBytesPerSec" : 0.2250166780112281,
    "sentKBytesPerSec" : 0.781083721859464
  },
  "Delete Language Request" : {
    "transaction" : "Delete Language Request",
    "sampleCount" : 300,
    "errorCount" : 0,
    "errorPct" : 0.0,
    "meanResTime" : 42.90333333333332,
    "medianResTime" : 41.0,
    "minResTime" : 34.0,
    "maxResTime" : 132.0,
    "pct1ResTime" : 45.0,
    "pct2ResTime" : 51.89999999999998,
    "pct3ResTime" : 126.90000000000009,
    "throughput" : 1.204761216326924,
    "receivedKBytesPerSec" : 0.2355951344714311,
    "sentKBytesPerSec" : 0.7023852013155992
  },
  "Delete Manage Listing" : {
    "transaction" : "Delete Manage Listing",
    "sampleCount" : 300,
    "errorCount" : 0,
    "errorPct" : 0.0,
    "meanResTime" : 162.86666666666667,
    "medianResTime" : 160.0,
    "minResTime" : 149.0,
    "maxResTime" : 343.0,
    "pct1ResTime" : 170.90000000000003,
    "pct2ResTime" : 179.84999999999997,
    "pct3ResTime" : 303.41000000000054,
    "throughput" : 1.2055115990307685,
    "receivedKBytesPerSec" : 0.22250165255548368,
    "sentKBytesPerSec" : 0.7063544525570911
  },
  "Update Certifications" : {
    "transaction" : "Update Certifications",
    "sampleCount" : 300,
    "errorCount" : 36,
    "errorPct" : 12.0,
    "meanResTime" : 191.19000000000008,
    "medianResTime" : 197.0,
    "minResTime" : 111.0,
    "maxResTime" : 403.0,
    "pct1ResTime" : 210.0,
    "pct2ResTime" : 215.95,
    "pct3ResTime" : 327.3200000000006,
    "throughput" : 1.2039199634008333,
    "receivedKBytesPerSec" : 0.1967186408947533,
    "sentKBytesPerSec" : 0.8299875958621271
  },
  "Update Education" : {
    "transaction" : "Update Education",
    "sampleCount" : 300,
    "errorCount" : 0,
    "errorPct" : 0.0,
    "meanResTime" : 145.74666666666673,
    "medianResTime" : 151.0,
    "minResTime" : 1.0,
    "maxResTime" : 382.0,
    "pct1ResTime" : 194.90000000000003,
    "pct2ResTime" : 210.95,
    "pct3ResTime" : 273.98,
    "throughput" : 1.2037605479518014,
    "receivedKBytesPerSec" : 0.26073249707084933,
    "sentKBytesPerSec" : 0.8793995880631091
  },
  "Add Language" : {
    "transaction" : "Add Language",
    "sampleCount" : 300,
    "errorCount" : 0,
    "errorPct" : 0.0,
    "meanResTime" : 46.45999999999998,
    "medianResTime" : 44.0,
    "minResTime" : 37.0,
    "maxResTime" : 330.0,
    "pct1ResTime" : 49.0,
    "pct2ResTime" : 51.94999999999999,
    "pct3ResTime" : 133.99,
    "throughput" : 1.2020820060344517,
    "receivedKBytesPerSec" : 0.24299899926672996,
    "sentKBytesPerSec" : 0.7085709949632764
  },
  "Add Certifications" : {
    "transaction" : "Add Certifications",
    "sampleCount" : 300,
    "errorCount" : 0,
    "errorPct" : 0.0,
    "meanResTime" : 84.87333333333332,
    "medianResTime" : 82.0,
    "minResTime" : 75.0,
    "maxResTime" : 817.0,
    "pct1ResTime" : 87.90000000000003,
    "pct2ResTime" : 90.0,
    "pct3ResTime" : 125.74000000000024,
    "throughput" : 1.2045241928684138,
    "receivedKBytesPerSec" : 0.24349268351929848,
    "sentKBytesPerSec" : 0.7828230960487591
  },
  "View Manage listing" : {
    "transaction" : "View Manage listing",
    "sampleCount" : 300,
    "errorCount" : 0,
    "errorPct" : 0.0,
    "meanResTime" : 123.46000000000001,
    "medianResTime" : 121.0,
    "minResTime" : 104.0,
    "maxResTime" : 322.0,
    "pct1ResTime" : 132.0,
    "pct2ResTime" : 135.0,
    "pct3ResTime" : 231.73000000000025,
    "throughput" : 1.2057732422840561,
    "receivedKBytesPerSec" : 0.501620508997078,
    "sentKBytesPerSec" : 0.7359455824487647
  },
  "Add Skills" : {
    "transaction" : "Add Skills",
    "sampleCount" : 300,
    "errorCount" : 0,
    "errorPct" : 0.0,
    "meanResTime" : 44.81000000000001,
    "medianResTime" : 42.0,
    "minResTime" : 37.0,
    "maxResTime" : 283.0,
    "pct1ResTime" : 48.0,
    "pct2ResTime" : 49.94999999999999,
    "pct3ResTime" : 99.75000000000023,
    "throughput" : 1.2047128366168451,
    "receivedKBytesPerSec" : 0.24353081755828804,
    "sentKBytesPerSec" : 0.748153338359663
  },
  "Delete Certifications" : {
    "transaction" : "Delete Certifications",
    "sampleCount" : 300,
    "errorCount" : 0,
    "errorPct" : 0.0,
    "meanResTime" : 42.07666666666669,