{
  "Signout" : {
    "transaction" : "Signout",
    "sampleCount" : 200,
    "errorCount" : 0,
    "errorPct" : 0.0,
    "meanResTime" : 41.20000000000001,
    "medianResTime" : 40.0,
    "minResTime" : 36.0,
    "maxResTime" : 144.0,
    "pct1ResTime" : 42.0,
    "pct2ResTime" : 44.94999999999999,
    "pct3ResTime" : 116.61000000000035,
    "throughput" : 1.1107593706437406,
    "receivedKBytesPerSec" : 0.21911464147464416,
    "sentKBytesPerSec" : 0.5868367378108044
  },
  "Share Skill Add" : {
    "transaction" : "Share Skill Add",
    "sampleCount" : 200,
    "errorCount" : 0,
    "errorPct" : 0.0,
    "meanResTime" : 79.6500000000001,
    "medianResTime" : 79.0,
    "minResTime" : 66.0,
    "maxResTime" : 148.0,
    "pct1ResTime" : 84.9,
    "pct2ResTime" : 88.94999999999999,
    "pct3ResTime" : 139.95000000000005,
    "throughput" : 1.11043867880006,
    "receivedKBytesPerSec" : 0.2429084609875131,
    "sentKBytesPerSec" : 1.8185602190895513
  },
  "Update Skills" : {
    "transaction" : "Update Skills",
    "sampleCount" : 200,
    "errorCount" : 0,
    "errorPct" : 0.0,
    "meanResTime" : 163.465,
    "medianResTime" : 158.0,
    "minResTime" : 146.0,
    "maxResTime" : 364.0,
    "pct1ResTime" : 169.0,
    "pct2ResTime" : 175.84999999999997,
    "pct3ResTime" : 328.60000000000036,
    "throughput" : 1.1096377587536548,
    "receivedKBytesPerSec" : 0.22431153912305327,
    "sentKBytesPerSec" : 0.7172442735756412
  },
  "Add Educatiom" : {
    "transaction" : "Add Educatiom",
    "sampleCount" : 200,
    "errorCount" : 0,
    "errorPct" : 0.0,
    "meanResTime" : 94.86500000000005,
    "medianResTime" : 82.0,
    "minResTime" : 75.0,
    "maxResTime" : 238.0,
    "pct1ResTime" : 118.9,
    "pct2ResTime" : 124.89999999999998,
    "pct3ResTime" : 201.60000000000036,
    "throughput" : 1.1101982814130604,
    "receivedKBytesPerSec" : 0.22442484790283546,
    "sentKBytesPerSec" : 0.7662211244365744
  },
  "Delete Education" : {
    "transaction" : "Delete Education",
    "sampleCount" : 200,
    "errorCount" : 0,
    "errorPct" : 0.0,
    "meanResTime" : 41.82,
    "medianResTime" : 40.0,
    "minResTime" : 36.0,
    "maxResTime" : 125.0,
    "pct1ResTime" : 43.900000000000006,
    "pct2ResTime" : 47.94999999999999,
    "pct3ResTime" : 100.97000000000003,
    "throughput" : 1.110679180318765,
    "receivedKBytesPerSec" : 0.23645318487254957,
    "sentKBytesPerSec" : 0.6486192869439663
  },
  "Categories" : {
    "transaction" : "Categories",
    "sampleCount" : 200,
    "errorCount" : 0,
    "errorPct" : 0.0,
    "meanResTime" : 839.3499999999998,
    "medianResTime" : 833.0,
    "minResTime" : 778.0,
    "maxResTime" : 1230.0,
    "pct1ResTime" : 852.0,
    "pct2ResTime" : 877.8499999999999,
    "pct3ResTime" : 1157.6300000000003,
    "throughput" : 1.1056443142241141,
    "receivedKBytesPerSec" : 5.843502957598541,
    "sentKBytesPerSec" : 0.8022399662778484
  },
  "Add Description" : {
    "transaction" : "Add Description",
    "sampleCount" : 200,
    "errorCount" : 0,
    "errorPct" : 0.0,
    "meanResTime" : 125.54000000000002,
    "medianResTime" : 120.0,
    "minResTime" : 110.0,
    "maxResTime" : 480.0,
    "pct1ResTime" : 130.0,
    "pct2ResTime" : 170.44999999999965,
    "pct3ResTime" : 254.87000000000012,
    "throughput" : 1.1102352588513504,
    "receivedKBytesPerSec" : 0.23852710639384486,
    "sentKBytesPerSec" : 0.6678758979027656
  },
  "Delete Skills" : {
    "transaction" : "Delete Skills",
    "sampleCount" : 200,
    "errorCount" : 0,
    "errorPct" : 0.0,
    "meanResTime" : 43.029999999999994,
    "medianResTime" : 41.0,
    "minResTime" : 37.0,
    "maxResTime" : 148.0,
    "pct1ResTime" : 44.0,
    "pct2ResTime" : 50.94999999999999,
    "pct3ResTime" : 134.5500000000004,
    "throughput" : 1.110407852804335,
    "receivedKBytesPerSec" : 0.20738818539924714,
    "sentKBytesPerSec" : 0.719910809959248
  },
  "Delete Language Request" : {
    "transaction" : "Delete Language Request",
    "sampleCount" : 200,
    "errorCount" : 0,
    "errorPct" : 0.0,
    "meanResTime" : 42.425,
    "medianResTime" : 40.0,
    "minResTime" : 37.0,
    "maxResTime" : 125.0,
    "pct1ResTime" : 44.0,
    "pct2ResTime" : 51.849999999999966,
    "pct3ResTime" : 100.86000000000013,
    "throughput" : 1.1102968933892923,
    "receivedKBytesPerSec" : 0.21710424508138476,
    "sentKBytesPerSec" : 0.647311763040437
  },
  "Delete Manage Listing" : {
    "transaction" : "Delete Manage Listing",
    "sampleCount" : 200,
    "errorCount" : 0,
    "errorPct" : 0.0,
    "meanResTime" : 159.62499999999991,
    "medianResTime" : 156.5,
    "minResTime" : 133.0,
    "maxResTime" : 409.0,
    "pct1ResTime" : 168.0,
    "pct2ResTime" : 180.89999999999998,
    "pct3ResTime" : 329.60000000000036,
    "throughput" : 1.109865595276412,
    "receivedKBytesPerSec" : 0.2048482397531659,
    "sentKBytesPerSec" : 0.6503118722322727
  },
  "Update Certifications" : {
    "transaction" : "Update Certifications",
    "sampleCount" : 200,
    "errorCount" : 28,
    "errorPct" : 14.0,
    "meanResTime" : 189.64000000000007,
    "medianResTime" : 193.0,
    "minResTime" : 114.0,
    "maxResTime" : 378.0,
    "pct1ResTime" : 209.9,
    "pct2ResTime" : 235.79999999999995,
    "pct3ResTime" : 369.52000000000044,
    "throughput" : 1.1097362711751553,
    "receivedKBytesPerSec" : 0.1799420024081277,
    "sentKBytesPerSec" : 0.7651328146241045
  },
  "Update Education" : {
    "transaction" : "Update Education",
    "sampleCount" : 200,
    "errorCount" : 0,
    "errorPct" : 0.0,
    "meanResTime" : 141.16000000000008,
    "medianResTime" : 125.5,
    "minResTime" : 2.0,
    "maxResTime" : 488.0,
    "pct1ResTime" : 194.9,
    "pct2ResTime" : 225.99999999999977,
    "pct3ResTime" : 337.18000000000075,
    "throughput" : 1.1097362711751553,
    "receivedKBytesPerSec" : 0.23962283878861187,
    "sentKBytesPerSec" : 0.8109636221514457
  },
  "Add Language" : {
    "transaction" : "Add Language",
    "sampleCount" : 200,
    "errorCount" : 0,
    "errorPct" : 0.0,
    "meanResTime" : 46.315000000000026,
    "medianResTime" : 44.0,
    "minResTime" : 40.0,
    "maxResTime" : 180.0,
    "pct1ResTime" : 47.900000000000006,
    "pct2ResTime" : 53.89999999999998,
    "pct3ResTime" : 133.0,
    "throughput" : 1.1108457424059808,
    "receivedKBytesPerSec" : 0.2245557311308965,
    "sentKBytesPerSec" : 0.6548023423571036
  },
  "Add Certifications" : {
    "transaction" : "Add Certifications",
    "sampleCount" : 200,
    "errorCount" : 0,
    "errorPct" : 0.0,
    "meanResTime" : 82.55500000000002,
    "medianResTime" : 80.0,
    "minResTime" : 78.0,
    "maxResTime" : 167.0,
    "pct1ResTime" : 84.9,
    "pct2ResTime" : 87.94999999999999,
    "pct3ResTime" : 165.96000000000004,
    "throughput" : 1.110432513463994,
    "receivedKBytesPerSec" : 0.22447219754594414,
    "sentKBytesPerSec" : 0.7216726930764532
  },
  "View Manage listing" : {
    "transaction" : "View Manage listing",
    "sampleCount" : 200,
    "errorCount" : 0,
    "errorPct" : 0.0,
    "meanResTime" : 123.57500000000002,
    "medianResTime" : 120.0,
    "minResTime" : 108.0,
    "maxResTime" : 267.0,
    "pct1ResTime" : 128.0,
    "pct2ResTime" : 133.0,
    "pct3ResTime" : 244.83000000000015,
    "throughput" : 1.1101428198737766,
    "receivedKBytesPerSec" : 0.46183675904905164,
    "sentKBytesPerSec" : 0.6775774047081157
  },
  "Add Skills" : {
    "transaction" : "Add Skills",
    "sampleCount" : 200,
    "errorCount" : 0,
    "errorPct" : 0.0,
    "meanResTime" : 43.77999999999997,
    "medianResTime" : 42.0,
    "minResTime" : 39.0,
    "maxResTime" : 126.0,
    "pct1ResTime" : 46.0,
    "pct2ResTime" : 50.94999999999999,
    "pct3ResTime" : 92.76000000000022,
    "throughput" : 1.1103153850851335,
    "receivedKBytesPerSec" : 0.22444852022717054,
    "sentKBytesPerSec" : 0.6895232028157599
  },
  "Delete Certifications" : {
    "transaction" : "Delete Certifications",
    "sampleCount" : 200,